frames_target,elapsed_ms,producer_finished,frames_received,consumer_connection,pending_frames,pending_bytes,front_offset,frames_enqueued,frames_completed
1800,0,0,0,1,0,0,0,0,0
1800,0,0,0,2,0,0,0,0,0
1800,1000,0,31,1,0,0,0,31,31
1800,1000,0,31,2,0,0,0,31,31
1800,2001,0,61,1,0,0,0,61,61
1800,2001,0,61,2,0,0,0,61,61
1800,3002,0,91,1,0,0,0,91,91
1800,3002,0,91,2,0,0,0,91,91
1800,4003,0,121,1,0,0,0,121,121
1800,4003,0,121,2,0,0,0,121,121
1800,5004,0,151,1,0,0,0,151,151
1800,5004,0,151,2,0,0,0,151,151
1800,6005,0,181,1,0,0,0,181,181
1800,6005,0,181,2,0,0,0,181,181
1800,7006,0,211,1,0,0,0,211,211
1800,7006,0,211,2,0,0,0,211,211
1800,8007,0,241,1,0,0,0,241,241
1800,8007,0,241,2,0,0,0,241,241
1800,9008,0,271,1,0,0,0,271,271
1800,9008,0,271,2,0,0,0,271,271
1800,10009,0,301,1,0,0,0,301,301
1800,10009,0,301,2,0,0,0,301,301
1800,11010,0,331,1,0,0,0,331,331
1800,11010,0,331,2,0,0,0,331,331
1800,12010,0,361,1,0,0,0,361,361
1800,12010,0,361,2,0,0,0,361,361
1800,13011,0,391,1,0,0,0,391,391
1800,13011,0,391,2,0,0,0,391,391
1800,14012,0,421,1,0,0,0,421,421
1800,14012,0,421,2,0,0,0,421,421
1800,15012,0,451,1,0,0,0,451,451
1800,15012,0,451,2,0,0,0,451,451
1800,16013,0,481,1,0,0,0,481,481
1800,16013,0,481,2,0,0,0,481,481
1800,17013,0,511,1,0,0,0,511,511
1800,17013,0,511,2,0,0,0,511,511
1800,18013,0,541,1,0,0,0,541,541
1800,18013,0,541,2,0,0,0,541,541
1800,19014,0,571,1,0,0,0,571,571
1800,19014,0,571,2,0,0,0,571,571
1800,20015,0,601,1,0,0,0,601,601
1800,20015,0,601,2,0,0,0,601,601
1800,21016,0,631,1,0,0,0,631,631
1800,21016,0,631,2,0,0,0,631,631
1800,22017,0,661,1,0,0,0,661,661
1800,22017,0,661,2,0,0,0,661,661
1800,23018,0,691,1,0,0,0,691,691
1800,23018,0,691,2,0,0,0,691,691
1800,24019,0,721,1,0,0,0,721,721
1800,24019,0,721,2,0,0,0,721,721
1800,25020,0,751,1,0,0,0,751,751
1800,25020,0,751,2,0,0,0,751,751
1800,26021,0,781,1,0,0,0,781,781
1800,26021,0,781,2,0,0,0,781,781
1800,27022,0,811,1,0,0,0,811,811
1800,27022,0,811,2,0,0,0,811,811
1800,28022,0,841,1,0,0,0,841,841
1800,28022,0,841,2,0,0,0,841,841
1800,29023,0,871,1,0,0,0,871,871
1800,29023,0,871,2,0,0,0,871,871
1800,30024,0,901,1,0,0,0,901,901
1800,30024,0,901,2,0,0,0,901,901
1800,31025,0,931,1,0,0,0,931,931
1800,31025,0,931,2,0,0,0,931,931
1800,32025,0,961,1,0,0,0,961,961
1800,32025,0,961,2,0,0,0,961,961
1800,33026,0,991,1,0,0,0,991,991
1800,33026,0,991,2,0,0,0,991,991
1800,34027,0,1021,1,0,0,0,1021,1021
1800,34027,0,1021,2,0,0,0,1021,1021
1800,35027,0,1051,1,0,0,0,1051,1051
1800,35027,0,1051,2,0,0,0,1051,1051
1800,36028,0,1081,1,0,0,0,1081,1081
1800,36028,0,1081,2,0,0,0,1081,1081
1800,37029,0,1111,1,0,0,0,1111,1111
1800,37029,0,1111,2,0,0,0,1111,1111
1800,38030,0,1141,1,0,0,0,1141,1141
1800,38030,0,1141,2,0,0,0,1141,1141
1800,39031,0,1171,1,0,0,0,1171,1171
1800,39031,0,1171,2,0,0,0,1171,1171
1800,40032,0,1201,1,0,0,0,1201,1201
1800,40032,0,1201,2,0,0,0,1201,1201
1800,41033,0,1231,1,0,0,0,1231,1231
1800,41033,0,1231,2,0,0,0,1231,1231
1800,42034,0,1262,1,0,0,0,1262,1262
1800,42034,0,1262,2,0,0,0,1262,1262
1800,43034,0,1292,1,0,0,0,1292,1292
1800,43034,0,1292,2,0,0,0,1292,1292
1800,44034,0,1322,1,0,0,0,1322,1322
1800,44034,0,1322,2,0,0,0,1322,1322
1800,45035,0,1352,1,0,0,0,1352,1352
1800,45035,0,1352,2,0,0,0,1352,1352
1800,46036,0,1382,1,0,0,0,1382,1382
1800,46036,0,1382,2,0,0,0,1382,1382
1800,47037,0,1412,1,0,0,0,1412,1412
1800,47037,0,1412,2,0,0,0,1412,1412
1800,48038,0,1442,1,0,0,0,1442,1442
1800,48038,0,1442,2,0,0,0,1442,1442
1800,49039,0,1472,1,0,0,0,1472,1472
1800,49039,0,1472,2,0,0,0,1472,1472
1800,50039,0,1502,1,0,0,0,1502,1502
1800,50039,0,1502,2,0,0,0,1502,1502
1800,51040,0,1532,1,0,0,0,1532,1532
1800,51040,0,1532,2,0,0,0,1532,1532
1800,52041,0,1562,1,0,0,0,1562,1562
1800,52041,0,1562,2,0,0,0,1562,1562
1800,53042,0,1592,1,0,0,0,1592,1592
1800,53042,0,1592,2,0,0,0,1592,1592
1800,54043,0,1622,1,0,0,0,1622,1622
1800,54043,0,1622,2,0,0,0,1622,1622
1800,55043,0,1652,1,0,0,0,1652,1652
1800,55043,0,1652,2,0,0,0,1652,1652
1800,56044,0,1682,1,0,0,0,1682,1682
1800,56044,0,1682,2,0,0,0,1682,1682
1800,57045,0,1712,1,0,0,0,1712,1712
1800,57045,0,1712,2,0,0,0,1712,1712
1800,58046,0,1742,1,0,0,0,1742,1742
1800,58046,0,1742,2,0,0,0,1742,1742
1800,59047,0,1772,1,0,0,0,1772,1772
1800,59047,0,1772,2,0,0,0,1772,1772
1800,59969,1,1800,1,0,0,0,1800,1800
1800,59969,1,1800,2,0,0,0,1800,1800
1800,59969,1,1800,1,0,0,0,1800,1800
1800,59969,1,1800,2,0,0,0,1800,1800
